{
  "login": "Login",
  "email": "Email",
  "password": "Password",
  "textAlign": "Left",
  "homepage": "Home",
  "textAlignError": "Right",
  "forgot-password": "Forgot Password",
  "invalid-email": "invalid email",
  "email-required": "email required",
  "required-password": "passord required",
  "Resendpassword": "Resend password",
  "email_placeholder": "Email@domain.com",
  "required": "This field is required",
  "aboutus": "About us",
  "checkPhone": "Please check your phone ",
  "ok": "OK",
  "currency": "Ksa ryial",
  "direction": "Row",
  "BuildType": "Build type inside ?",
  "titleIssue": "Issue Title",
  "description": "Description",
  "description_en": "Description in english",
  "description_ar": "Description in arabic",
  "send": "Send",
  "serviceDetails": "Service Details",
  "fullName": "Full Name",
  "username": "Username",
  "name": "Name",
  "name_ar": "Name in arabic",
  "name_en": "Name in english",
  "username_message": "Username message",
  "fullNameMessage": "Please enter your full name.",
  "mobile": "Mobile",
  "mobileMessage": "00 000 000 00",
  "full_address": "Enter Full Address (House No, Block",
  "addressMessage": "Full Address",
  "emailMessage": "Enter your email address",
  "paymentMethod": "Choose Payment Method",
  "contactus": "Contact us",
  "message": "Message",
  "messageContent": "Message Content",
  "sendNow": "Send Now",
  "paymentMethod": "Payment Method",
  "paymentMethodFinish": "Pay - Finish",
  "video_content": "Watch video",
  "lang": "Lang",
  "search": "Search",
  "search_now": "Search ..",
  "recent_products": "Recent Products",
  "most_ordered": "Most Ordered",
  "our_shop": "Our Shop",
  "menu": "Menu",
  "our_designers": "Our Designers",
  "celebrities_choices": "Celebrities Choices",
  "user_show": "Profile",
  "designer_products": "Designer Products",
  "profile": "Profile",
  "products": "Products",
  "product": "Product",
  "service": "Service",
  "abaty_welcome_message": "Welcome To",
  "abaty": "Abaty",
  "add_to_cart": "Add to Cart",
  "kd": "KW",
  "size": "Size",
  "sizes": "Sizes",
  "register": "Register",
  "message_guest": "Login as Guest",
  "designer": "Designer",
  "price": "Price",
  "add_cart_success": "Product has been added successfully to your cart.",
  "cart_success": "Product has been added successfully to your cart.",
  "logging": "Logging..",
  "logout": "Logout",
  "logout_success": "Logged out successfully.",
  "facebook": "Facebook",
  "instagram": "Instagram",
  "youtube": "Youtube",
  "twitter": "Twitter",
  "address": "Address",
  "address_ar": "Address in arabic",
  "address_en": "Address in english",
  "phone": "Phone",
  "on_sale": "On Sale",
  "yes_on_sale": "Yes",
  "sale_price": "Sale Price",
  "gallery": "Gallery",
  "our_galleries": "Galleries",
  "qty": "Quantity",
  "cart_details": "Cart Details",
  "total": "Total",
  "no_products": "No Products To Preview",
  "no_product": "No Products To Preview",
  "cart": "Cart",
  "shopping_cart": "Shopping Cart",
  "continue": "Continue",
  "checkout": "Checkout for payment",
  "cancel": "Cancel",
  "galleries": "Galleries",
  "abaty_category": "Abaty Category",
  "logout_success": "Logout Success!",
  "login_failure": "Login Failure !!",
  "enter": "Enter",
  "ok": "Ok",
  "dob": "Birthdate",
  "designers": "Designers",
  "celebrities": "Celebrities",
  "favorites": "Favorites",
  "error": "Error",
  "success": "Success",
  "id": "Serial No.",
  "cart_failure": "You must choose size and qty for a product before you can add to cart.",
  "delivery_fees_kuwait": "Delivery Fees (only inside Kuwait. fees shall be paid upon Receiving Process).",
  "delivery_fees_outside": "Delivery Fees (only inside GCC countries. fees shall be paid upon Receiving Process).",
  "total_with_delivery": "Total",
  "payment_index": "Payment Process",
  "order_complete": "Payment Process Complete",
  "order_complete_message": "Payment Process is successfully done .. an email shall be sent with your order details",
  "lang": "اللغة العربية",
  "address_details": "Area, Block, St,House/Apartment,Floor/Gadah",
  "sizes": "Sizes Index",
  "gallery": "Gallery",
  "search_placeholder": "Shop Name, Product Name ..",
  "search_results": "Search Reults ..",
  "weak": "Weak",
  "average": "Average",
  "good": "Good",
  "v-good": "v.good",
  "excellent": "Excellent",
  "rating": "Rating",
  "rate_success": "Shop Rating Process successful ...",
  "serial": "Shop No.",
  "details": "About the shop",
  "no_internet": "No Internet Connection .. please try again later.",
  "retry": "Retry ..",
  "must_login_message": "You must sign in first.",
  "must_login_message_or_favorite_list_is_empty" : "You must log in first or your favorite list mostly likely is empty.",
  "enter_application": "ُEnter Application",
  "loading_data": "Loading Data .. Please wait ..",
  "daleeli": "Daleeli",
  "loading": "Loading ... Please wait ..",
  "error_login": "Credentials ",
  "credentials_wrong": "Username or password is wrong. please try again.",
  "register_companies": "Companies Registration",
  "register_individuals": "Individuals Registration",
  "fax": "Fax",
  "phone_number": "Phone Number",
  "choose_country_gov_area": "Choose Country - Governate - Area",
  "choose_country": "Choose Country",
  "companies": "Companies",
  "company": "Company",
  "individuals": "Individuals",
  "individual": "Individual",
  "continue_information": "Complete Information",
  "ar": "Arabic",
  "en": "English",
  "lang": "اللغة العربية",
  "company_register": "Company Register",
  "individual_register": "Invidiual Register",
  "normal_register": "Free Register",
  "choose_plan": "Choose Plan",
  "name_message": "Company Name",
  "verification_mobile": "Verify Your Mobile.",
  "logo": "Logo",
  "gallery": "Gallery",
  "add_logo": "Add logo",
  "add_gallery": "Add gallery",
  "email_message": "Email message",
  "choose_category": "Choose category",
  "submit": "Submit",
  "best_fit": "Best fit",
  "verify_mobile": "Mobile verification",
  "verification_code": "Verification code",
  "code": "Verification code",
  "verification_code_message": "Please enter your verification code",
  "special_offer": "Special offer",
  "show_images": "Images",
  "whatsapp": "Whatsapp",
  "map": "Location",
  "site_url": "Webiste",
  "kwd": "KD",
  "annual": "Annual",
  "subscription_type": "Subscription type",
  "add_images": "Add images",
  "continue_register_required_fields": "Email - category are required.",
  "continue_to_payment_to_complete_your_registration": "To complete your registration .. please proceed to payment ...",
  "continue_to_payment": "Continue to payment",
  "all_data_required": "All data required. please fulfil all data to complete registration process.",
  "plan_details": "Plan details",
  "category": "Category",
  "most_visited_keywords": "Most popular keywords",
  "search_message": "Search by word",
  "services": "Services",
  "services_ar": "Services in arabic",
  "services_en": "Services in english",
  "location": "Location",
  "km": "Km",
  "featured": "Featured",
  "account_settings": "Account settings",
  "settings": "Settings",
  "subscription_start_date": "Subscription start date",
  "subscription_end_date": "Subscription end date",
  "subscribe_now": "Subscribe now",
  "valid_subscription": "Valid subscription",
  "not_valid_subscription": "Not valid",
  "subscription_status": "Subscription status",
  "edit_data": "Edit profile data",
  "change_password": "Change my password",
  "mobile_message": "Please enter your mobile registered.",
  "password_message": "Password can not be less than 6 charcters",
  "confirm_password": "Password confirmation",
  "confirm_password_message": "Password confirmation is required",
  "reset_password": "Reset password",
  "reset_password_message": "Mobile number can not be modified. only password can be reset.",
  "info_alert": "Information",
  "warning_alert": "Warning",
  "error_alert": "Error",
  "success_alert": "Success",
  "clear_parameters": "Clear search parameters",
  "mobile_activated": "Activated mobile number",
  "forget_password": "Forget password",
  "activate_account": "Activate account",
  "call": "Call",
  "telephone": "Telephone",
  "view_profile": "View profile",
  "company_branches": "Company branches",
  "branches": "Branches",
  "logging": "Logging...",
  "choose_location": "Choose city - governate - country",
  "confirm": "Confirm",
  "offer_description": "Offer description",
  "offer_description_ar": "Offer description in arabic",
  "offer_description_en": "Offer description in english",
  "facebook_url": "Facebook url ",
  "twitter_url": "Twitter url ",
  "instagram_url": "Instagram url",
  "snap_url": "Snapchat url",
  "google_play_url": "Google play url",
  "app_store_url": "App store url",
  "youtube_url": "Youtube url",
  "total_payment": "Total_payment",
  "remove": "Remove",
  "rating_evaluate": "Evaluation",
  "you_must_register": "You must register first",
  "register_success": "Register successful",
  "free_images": "Only 2 images are free. each image shall cost 1 KWD",
  "email_address": "Email",
  "country": "Country",
  "governate": "Governate",
  "area": "Area",
  "city": "City",
  "branches_cost": "Total cost for branches",
  "images_cost": "Total cost for images",
  "does_not_exists": "Does not exist",
  "complete_payment": "Complete payment",
  "mobile_does_not_match": "Mobile you entered is not correct.",
  "pay_now": "Pay now",
  "free_subscription": "Free subscription",
  "images": "Images",
  "caption": "Caption",
  "contact_app": "Contact",
  "activate": "Activate",
  "show_first_label": "Show first",
  "show_first_message": "This feature will let your company on the top of searched results.",
  "choose_area": "Choose area",
  "back": "Back",
  "confirm_delete": "Confirm delete",
  "delete_branch": "Branch delete",
  "branch_deleted": "Branch deleted",
  "facebook": "Facebook",
  "twitter": "Twitter",
  "instagram": "Instagram",
  "login_success": "Login success",
  "add_new_image": "Add image",
  "images_cost_message": "Each image costs",
  "add_branch": "Add branch",
  "add_new_branch": "Add branch",
  "branch_cost_message": "Each branch costs",
  "keyword_1": "Keywords",
  "keyword_2": "Keywords",
  "keyword_3": "Keywords",
  "url_hint": "Social account full link",
  "activate_branches_images": "Activate branches & images",
  "account_name": "Account link",
  "register_now": "Register now",
  "only_mobile_number": "Please enter you mobile number only without country code",
  "choose_your_location": "Choose your location",
  "snapchat": "Snapchat",
  "google_play": "Google play",
  "app_store": "Apple store",
  "password_confirmation": "Password Confirmation",
  "skip": "Skip",
  "done": "Done",
  "home": "Home",
  "register_request": "Register Request",
  "forget_your_password": "Forget Your Password ?",
  "escrap": "Escrap",
  "register_as": "Register As",
  "please_choose_user_type": "Please Choose your Account Type",
  "about": "About",
  "contact_details": "Contact Details",
  "company_name": "Account Name",
  "website": "Website",
  "press_here": "Press Here",
  "project_start_date": "Start Date",
  "project_end_date": "End Date",
  "reference_id": "Reference Id",
  "drawings": "Drawings",
  "documents": "Documents",
  "files": "Files",
  "payments": "Payments",
  "subcontractors": "Sub Contractors",
  "timeframes": "Time Frames",
  "phases": "Phases",
  "file_type": "File Type",
  "on_going": "On Going",
  "out_going": "Out Going",
  "view": "View",
  "download": "Download",
  "due_date": "Due Date",
  "date_received": "Date Received",
  "consultants": "Consultants",
  "not_available": "Not Available",
  "close": "Close",
  "images": "Images",
  "reports": "Reports",
  "reference_no": "Reference no",
  "timelines": "Time lines",
  "livecam": "Live Cam",
  "there_are_no_projects_please_contact_us": "No Current Projects. Please contact administration.",
  "guest": "Guest",
  "search_success": "Results found.",
  "register_as_supplier": "Register as Suppliers/Vendors",
  "image": "Image",
  "notifications": "Notifications",
  "do_you_want_to_exit_the_app": "Do you want to exit the app?",
  "register_as_supplier": "Register as supplier",
  "status": "Status",
  "closed": "Closed",
  "running_project": "Running Project",
  "payment_amount": "Payment Amount",
  "read_more": "Read More",
  "company_profile": "Company Profile",
  "no_notifications_for_this_account": "No Notifications for this account.",
  "share_file": "Share from %{name} App",
  "download_app" : "Download App Now.",
  "share_title" : "Share from %{name}.",
  "project_main_cam": "Project Main Cam",
  "android": "Android",
  "ios": "Ios",
  "no_categories": "No Categories",
  "app_general_error": "Error occurred while loading data .. please retry.ُ",
  "escrap": "Escrap",
  "no_users": "No Companies Listed under this category yet.",
  "categories": "Categories",
  "abati": "Abati",
  "myexpo" : "My Expo",
  "choosen_categories": "Selected Categories",
  "skip": "Skip",
  "next": "Next",
  "done": "Done",
  "brands": "Brands",
  "users": "users",
  "choose_size": "Choose Size",
  "choose_size_or_qty": "Choose Size or Quantity",
  "choose_size_or_exceed_limit" : "Choose Size or The requested Quantity exceeds our Stock.",
  "kwd": "KWD",
  "additional_information": "Additional Information",
  "add_coupon": "Add coupon",
  "have_coupon": "Have a coupon ?",
  "coupon": "Coupon",
  "invalid_email_or_password": "invalid email or password",
  "size_chart": "Size Chart",
  "coupon_is_empty": "Coupon code is empty.",
  "coupon_is_added_and_applied": "coupon is added and applied. thank you",
  "login_success": "login success",
  "discount": "Discount",
  "no_items": "No Items",
  "shop_now": "Shop now",
  "coupon_is_not_correct": "Coupon code you entered is not correct.",
  "cart_confirmation": "Confirm Information",
  "go_to_payment": "Go to payment",
  "payment_index_page": "Payment Process",
  "service_added_to_cart_successfully" : "Service added to cart successfully",
  "product_removed_to_cart_successfully": "product removed from cart.",
  "service_removed_to_cart_successfully": "service removed from cart.",
  "cart_cleared": "Cart Cleared.",
  "appName": "Abati",
  "exclusive": "Exclusive",
  "under_sale": "Sale",
  "hot_deal": "Hot Deal",
  "new_user": "New User .. Register Now.",
  "information_you_entered_not_correct": "Information entered not correct",
  "information": "Info",
  "related_product_group" : "Related Products",
  "our_gallery" : "Gallery %{name}",
  "our_youtube_channel" : "youtube channel",
  "product_categories" : "Product Categories",
  "sizes_and_colors_and_length_available" : "Sizes / Colors / Height available for product",
  "choose_height" : "Choose Height",
  "videos" : "Videos",
  "featured_products" : "Featured Products",
  "error_while_loading_product" : "ُError occurred while loading product.",
  "product_added_to_cart_successfully" : "Product added to cart successfully",
  "sku" : "SKU",
  "product_weight" : "Product Weight",
  "contactus_order_by_phone" : " Order by Phone",
  "grossTotal" : "Gross Total",
  "gross_total_in" : "Gross Total in ",
  "shipment_fees" : "Shipment Fees",
  "shipment_prices" : "Shipment Fees",
  "color" : "color",
  "colors" : "colors",
  "confirm_information" : "Confirm Information",
  "clear_cart" : "Clear Cart",
  "no_more_products" : "No More Products..",
  "no_more_product" : "No More Products ..",
  "no_more_company" : "No More Companies ..",
  "no_more_designer" : "No More Designers ..",
  "no_more_category" : "No More Categories",
  "no_more_elements" : "No More Elements ..",
  "no_more_users" : "No More Users ..",
  "wishlist" : "Wish List",
  "all_products" : "All Products",
  "favorite_success" : "Wish List updated successfully.",
  "edit_profile" : "Edit Profile",
  "edit_information" : "Edit Information",
  "update_information" : "Update Information",
  "update_information_success" : "Your data successfully updated.",
  "height" : "Height",
  "user_gallery" : "Gallery",
  "go_to_payment_tap" : "Go to Payment",
  "go_to_payment_my_fatoorah" : "Go to Payment",
  "choose_color_or_height" : "Choose Height/Color",
  "color_or_height" : "Color/Height",
  "add_notes_shoulders_height_and_other_notes" : "Notes Length of shoulders / Height / Chest",
  "add_notes_shoulders_height_and_other_notes_expo" : "Write any notes or Special hints for your item.",
  "no_services" : "No Services",
  "no_more_services" : "No More Services To Preview",
  "add_notes_to_your_service" : "Add Any Notes attached to current service",
  "individuals_served" : "Number of suitable individuals",
  "individual" : "Individual" ,
  "individuals" : "Individuals",
  "related_services" : "Related Services",
  "choose_day" : "Choose Day",
  "choose_time" : "Choose Time",
  "orders_that_include_services_are_not_accepted_out_side_kuwait" : "Orders that may include services are not accepted outside of kuwait.",
  "service_date_and_time" : "Date and time",
  "fans" : "Fans",
  "fan_success" :  "You are a fan now.",
  "our_services" : "Our Services",
  "views" : "views",
  "title" : "Title",
  "content" : "Content",
  "submit_comment" : "Add Comment",
  "no_comments" : "No Comments",
  "order_history" : "My Orders History",
  "no_orders" : "No Orders",
  "register_with_us" : "Join us.",
  "agree_on_conditions_and_terms" : "Accept Terms and Conditions",
  "terms_and_conditions" : "Terms and Conditions",
  "terms" : "Terms",
  "conditions" : "Conditions",
  "policies" : "Policies",
  "comment_added_success" : "Comment added successfully. thank you",
  "order_no" : "Order No : ",
  "order_status" : "Order Status : ",
  "order_date" : "Order Date : ",
  "received" : "ٌReceived",
  "success" : "Success",
  "completed" : "Completed",
  "delivered" : "Delivered",
  "shipped" : "Shipped",
  "under_process" : "Under Process",
  "shipment_reference" : "Shipment Reference : ",
  "see_invoice" : "See Invoice Details",
  "track" : "track",
  "our_collections" : "Personal Shoppers Choices",
  "net_price" : "Net Price : ",
  "sign_with_google" : "Sign with Google Account",
  "shipment_fees_per_piece" : "Shipment(Delivery) Fees",
  "classifieds" : "Classifieds",
  "classified" : "Classified",
  "featured_classifieds" : "Featured Classifieds",
  "no_more_classifieds" : "No more Classifieds",
  "no_classifieds" : "No Classifieds",
  "no_classifieds_favorites" : "No Favorite Classifieds",
  "no_companies_favorites" : "No Favorite Companies",
  "no_videos" : "No Videos Available Now.",
  "user_name" : "Username",
  "related_classifieds" : "ٌRelated Classifieds",
  "call_user"  : "Contact Advertiser",
  "no_designers" : "No Designers at this moment",
  "no_designer" : "Designer is not available now. please try again later",
  "fan_deactivated" : "Fan deactivated.",
  "add_your_images" : "Add Your images here",
  "new_classified" : "New Classified",
  "product_favorites" : "Favored Products",
  "classified_favorites" : "Favored Classifieds",
  "classified_properties" : "Classified Properties",
  "add_your_properties" : "Add Properties",
  "save_classified" : "Save Classified",
  "category_name" : "Category Name : ",
  "only_whatsapp" : "Whatsapp Only",
  "homekey" : "Homekey",
  "me" : "Me",
  "tags" : "Tags",
  "our_support" : "Our Support - Terms and Conditions",
  "service_categories" : "Service Categories",
  "classified_categories" : "Classified Categories",
  "user_categories" : "Company Categories",
  "sub_categories" : "Sub Categories",
  "no_more_companies" : "No More Companies",
  "no_more_designers" : "No More Designers",
  "no_more_celebrities" : "No More Celebrities",
  "no_companies" : "No Companies",
  "no_celebrities" : "No Celebrities",
  "related_products" : "Related Products",
  "added_from" : "added",
  "latest_products" : "Latest Products",
  "best_sale_products" : "Best Sale Products",
  "on_sale_products" : "Sale",
  "hot_deals_products" : "Hot Deals",
  "mallr" : {
    "designers" : "Shoppers",
    "shoppers" : "Shoppers",
    "personal_shoppers" : "Personal Shoppers",
    "shopper" : "Shopper",
    "designer" : "Shopper",
    "our_designers" : "Personal Shoppers",
    "designers" : "Personal Shoppers",
    "our_companies" : "Companies",
    "sections" : "Sections"
  },
  "personal_shoppers" : "Personal Shoppers",
  "sale" : "sale",
  "buy" : "buy",
  "share" : "share",
  "latest" : "Order by Latest",
  "oldest" : "Order by Oldest",
  "low_high" : "Low to High",
  "high_low" : "High to Low",
  "by_alpha_asc" : "Order by Alpha asc",
  "by_alpha_desc" : "Order by Alpha desc",
  "selected_collections" : "Selected Collections",
  "choose_your_category" : "Choose Category",
  "followers" : "followers",
  "choose_your_location" : "Choose Your Address",
  "choose_address_from_map_or_you_can_write_your_map" : "You Can either choose your address from Map or write your own address.",
  "get_your_address_from_map" : "Get your address from map",
  "save_address_and_continue" : "Save address and continue",
  "classified_title" : "Classified title",
  "add_your_address" : "Add your address",
  "choose_price_range" : "Choose Price Range",
  "apply_filter" : "Apply Filter",
  "remove_filter" : "Remove Filter",
  "search_parameters_selected" : "Search Parameters",
  "category_selected" : "Selected Category :",
  "properties_selected" : "Search Parameters :",
  "scrap" : "Scrap",
  "search_classifieds" : "Search Classifieds",
  "shipment_copied" : "Shipment Reference Copied.",
  "skip_next" : "Next",
  "can_not_find_address_please_write_ur_address" : "We could not find your address through map. please kindly write your full address manually.",
  "order_confirmation" : "Order Confirmation",
  "cash_on_delivery" : "Cash On Delivery",
  "confirm_cash_on_delivery" : "Confirm Cash On Delivery Payment.",
  "order_cash_on_delivery_confirmation" : "Please confirm your order shall be paid by Cash On Delivery. an email will be sent to you with your order. we shall call you to confirm order before delivery process.",
  "order_is_complete" : "Order is Complete",
  "fan_error" : "Process did not work successfully.",
  "my_classifieds" : "My Classifieds",
  "for_sale" : "For Sale",
  "shops" : "Shops",
  "kg" : "Kg",
  "wrap_as_gift_message" : "Gift Message, Note that %{item} KD shall be added to price",
  "wrap_as_gift" : "Wrap as a gift, Price is %{item} per piece.",
  "notes" : "Notes",
  "new_collection" : "New Collection",
  "save" : "Save",
  "save_collection" : "Save Collection",
  "upload_cover" : "Upload Cover",
  "exists" : "Yes",
  "expos" : "Expos",
  "women" : "Women",
  "small" : "Small",
  "business" : "Business",
  "small_business" : "Small Business",
  "no_available" : "Not Available",
  "out_of_stock"  : "Out of Stock",
  "abati" : "Abati",
  "mallr" : "Mallr",
  "expo" : "My Expo",
  "escrap" : "Escrap",
  "homekey" : "Homekey",
  "daily" : "DailyDress Kw",
  "joinus" : "Join us",
  "calendar" : "Calendar",
  "more" : "More",
  "product_filter" : "Product Filter",
  "sort" : "Sort",
  "important_links" : "Important Links",
  "no_more_collections" : "No More Collections",
  "our_joined_companies" : "Our Companies",
  "heights" : "Heights",
  "filter" : "Filter",
  "copyrights" : "©",
  "app_version" : "App Version",
  "app_name" : "App Name",
  "app_information" : "App Information",
  "classified_filter" : "Classified Filter",
  "app_build" : "App Build",
  "client_id" : "App Unique No.",
  "company_favorite_success" : "added to your Favorite List successfully.",
  "company_favorite_failure" : "Item removed from your Favorite List.",
  "recent_classifieds" : "Recent Classifieds",
  "validations" : {
    "price_at_least_one_number_or_max_six" : "Price is required. Min is one number and max only six numbers.",
    "mobile_at_least_size_numbers_or_max_eleven" : "Mobile is required. Min is 6 digits and max is 11 digits",
    "images_tow_only" : "Images must be at least 2 images.",
    "name_at_least_three_max": "Name is required. Min is 3 letters and max is 50 letters only.",
    "email_required" : "Email is required and must be in correct form",
    "email_is_required" : "Email is required and must be in correct form",
    "logo_is_required" : "Logo is required.",
    "product_images_is_required" : "Product Images are required.",
    "description_is_required" : "Description is required",
    "description_is_very_small" : "Please write more Description.",
    "address_is_required" : "Address is required",
    "password_is_required" : "Password is required and must be at least 6 letters or numbers.",
    "name_is_required" : "Name is required",
    "mobile_is_required" : "Mobile is required",
    "main_image_is_required" : "Main image required.",
    "categories_is_required" : "Categories are required.",
    "sku_is_required" : "SKU is required.",
    "price_is_required" : "Price is required.",
    "qty_is_required" : "Qty is required."
  },
  "no_" : "No %{item}",
  "no_more_" : "No More %{item}",
  "orders" : "orders",
  "cart_error_u_cant_add_this_item_now" : "Cart Error, Currently You can not add such item to cart.",
  "you_can_add_more_than_one_product_to_cart" : "This product can only be directly purchased. You can not add more products to Shopping Cart with this item.",
  "direct_purchase" : "Direct Purchase",
  "product_samples" : "Product Samples",
  "order" : "Order",
  "search_services" : "Search Services",
  "delete_classified" : "Delete Classified",
  "are_u_sure_u_want_to_remove_classified" : "Delete Classified Confirmation?",
  "classified_not_removed" : "Classified was not removed.",
  "prev" : "Prev",
  "day_selected" : "Day Selected",
  "reset_services" : "Reset Services",
  "expo_calender" : "Expo Calendar",
  "old_version" : "Please Update your Application from the store.",
  "update" : "Update",
  "you_can_only_add_to_cart_from_only_single_merchant" : "You can only buy from single merchant for each order.",
  "market" : "Market",
  "elites" : "Elites",
  "show_all" : "Show All",
  "my_account" : "My Account",
  "brand" : "Brand",
  "payment_page" : "Payment Page",
  "buy_now" : "Buy Now",
  "products_number" : "Products No.",
  "make_as_favorite" : "Add to favorite list",
  "favorite_failure" : "Item is not added to Favorite list. Please register first.",
  "step" : "Step",
  "add_from_favorite_list" : "Add from favorite list",
  "total_details" : "Price Details",
  "total_sum" : "Total",
  "pay" : "Pay",
  "sections" : "Sections",
  "favorite" : "Favorite",
  "did_u_forget_password" : "Did you forget your password?",
  "u_dont_have_account_register_now" : "You dont have account ? Register now",
  "u_have_account_already_log_in_now" : "You have an account? Log in now.",
  "first_name" : "First Name",
  "male" : "Male",
  "female" : "Female",
  "later" : "Later",
  "my_designs" : "My Designs",
  "category_filter" : "Category Filter",
  "color_filter" : "Color Filter",
  "cart_is_empty" : "Shopping Cart is empty.",
  "continue_shopping" : "Continue Shopping",
  "shipment_address" : "Shipment Address",
  "block" : "Block",
  "building_no" : "House No./Building",
  "street" : "Street",
  "change_modify_address" : "Change / Modify Address",
  "add_new_address" : "Add new address",
  "new_address" : "New Address",
  "edit_address" : "Edit Address",
  "go_to_payment_page" : "Go to payment page",
  "order_summary" : "Order Summary",
  "deliver_to" : "Deliver To",
  "designerat" : "DESIGNERAT",
  "modify" : "Modify",
  "select" : "Select",
  "addresses" : "Addresses",
  "addresses_list" : "Addresses List",
  "payment" : "Payment",
  "address_name" : "Address Name",
  "full_name" : "Full Name",
  "building_or_house" : "Building / House No.",
  "delete" : "Delete",
  "address_created" : "Address created successfully",
  "address_updated" : "Address updated successfully",
  "address_deleted" : "Address deleted successfully",
  "address_one" : "Address One",
  "address_changed" : "Address activated with current order.",
  "confirm_delete_address" : "Confirm delete address?",
  "my_orders" : "My Orders",
  "my_addresses" : "My Addresses",
  "follow_us_on_instagram" : "Follow us on Instagram",
  "rate_us" : "Rate us",
  "share_our_app" : "Share our app",
  "welcome" : "Welcome",
  "app_is_updating_shall_restart_in_few_seconds" : "App is updating. The app will restart in few seconds.",
  "more_images" : "More Images",
  "add_new_product" : "Add New Product",
  "main_image" : "Main Image",
  "mobile_confirmation" : "Mobile Confirmation",
  "mobile_confirmation_message" : "Please enter the 4 digits sent to your mobile in order to complete registration process.",
  "main_details" : "Main Details",
  "tshirt" : "T-shirt",
  "choose" : "choose",
  "choose_category" : "Choose Category",
  "product_description" : "Product Description",
  "product_saved_successfully" : "Product added successfully.",
  "DESIGNERAT" : "DESIGNERAAT",
  "resend_code" : "Resend Mobile Verification Code",
  "verification_code_sent_successfully" : "Mobile Verification code resent successfully.",
  "be_first_who_rates" : "Be first who rate with us"

}

